comparison,comparison_mean,contrast_label,delta_comparison_minus_reference,metric,reference,reference_mean,seed
AUX_target_ablation,1.0436819084102915,total_AUX_effect,-0.1045668383124081,class_preference_score,original,1.1482487467226996,2026
AUX_target_ablation,0.5966666666666667,total_AUX_effect,-0.1233333333333333,verb_class_accuracy,original,0.72,2026
AUX_target_ablation,0.973628982919004,total_AUX_effect,-0.16850408630939617,class_preference_score,original,1.1421330692284002,2027
AUX_target_ablation,0.605,total_AUX_effect,-0.10666666666666669,verb_class_accuracy,original,0.7116666666666667,2027
AUX_target_ablation,1.0198025598260558,total_AUX_effect,-0.2510290516966378,class_preference_score,original,1.2708316115226936,2028
AUX_target_ablation,0.6133333333333333,total_AUX_effect,-0.12,verb_class_accuracy,original,0.7333333333333333,2028
AUX_target_ablation,1.030952916517646,total_AUX_effect,-0.14389585295511576,class_preference_score,original,1.1748487694727618,2029
AUX_target_ablation,0.605,total_AUX_effect,-0.09999999999999998,verb_class_accuracy,original,0.705,2029
AUX_target_ablation,1.0576154729578475,total_AUX_effect,-0.053773657613191084,class_preference_score,original,1.1113891305710386,2030
AUX_target_ablation,0.6316666666666667,total_AUX_effect,-0.053333333333333344,verb_class_accuracy,original,0.685,2030
AUX_matched_content,0.9954485736671201,content_damage_effect,-0.15280017305557947,class_preference_score,original,1.1482487467226996,2026
AUX_matched_content,0.7033333333333334,content_damage_effect,-0.016666666666666607,verb_class_accuracy,original,0.72,2026
AUX_matched_content,0.9022251138019313,content_damage_effect,-0.23990795542646892,class_preference_score,original,1.1421330692284002,2027
AUX_matched_content,0.685,content_damage_effect,-0.026666666666666616,verb_class_accuracy,original,0.7116666666666667,2027
AUX_matched_content,1.103575325873561,content_damage_effect,-0.16725628564913264,class_preference_score,original,1.2708316115226936,2028
AUX_matched_content,0.7,content_damage_effect,-0.033333333333333326,verb_class_accuracy,original,0.7333333333333333,2028
AUX_matched_content,1.104943533783206,content_damage_effect,-0.06990523568955576,class_preference_score,original,1.1748487694727618,2029
AUX_matched_content,0.6833333333333333,content_damage_effect,-0.021666666666666612,verb_class_accuracy,original,0.705,2029
AUX_matched_content,1.1330702013385694,content_damage_effect,0.021681070767530786,class_preference_score,original,1.1113891305710386,2030
AUX_matched_content,0.6533333333333333,content_damage_effect,-0.03166666666666673,verb_class_accuracy,original,0.685,2030
AUX_matched_function,1.0135226553942787,function_damage_effect,-0.13472609132842095,class_preference_score,original,1.1482487467226996,2026
AUX_matched_function,0.6933333333333334,function_damage_effect,-0.026666666666666616,verb_class_accuracy,original,0.72,2026
AUX_matched_function,1.1047707450978563,function_damage_effect,-0.037362324130543856,class_preference_score,original,1.1421330692284002,2027
AUX_matched_function,0.7066666666666667,function_damage_effect,-0.0050000000000000044,verb_class_accuracy,original,0.7116666666666667,2027
AUX_matched_function,1.0731584518741597,function_damage_effect,-0.19767315964853394,class_preference_score,original,1.2708316115226936,2028
AUX_matched_function,0.685,function_damage_effect,-0.04833333333333323,verb_class_accuracy,original,0.7333333333333333,2028
AUX_matched_function,1.040151746047408,function_damage_effect,-0.13469702342535395,class_preference_score,original,1.1748487694727618,2029
AUX_matched_function,0.675,function_damage_effect,-0.029999999999999916,verb_class_accuracy,original,0.705,2029
AUX_matched_function,1.1214972404059755,function_damage_effect,0.01010810983493693,class_preference_score,original,1.1113891305710386,2030
AUX_matched_function,0.6933333333333334,function_damage_effect,0.008333333333333304,verb_class_accuracy,original,0.685,2030
AUX_identity_shuffle,1.012562732156563,AUX_identity_effect,-0.13568601456613671,class_preference_score,original,1.1482487467226996,2026
AUX_identity_shuffle,0.6233333333333333,AUX_identity_effect,-0.09666666666666668,verb_class_accuracy,original,0.72,2026
AUX_identity_shuffle,1.0212801605925734,AUX_identity_effect,-0.12085290863582676,class_preference_score,original,1.1421330692284002,2027
AUX_identity_shuffle,0.585,AUX_identity_effect,-0.1266666666666667,verb_class_accuracy,original,0.7116666666666667,2027
AUX_identity_shuffle,1.043763840285469,AUX_identity_effect,-0.22706777123722466,class_preference_score,original,1.2708316115226936,2028
AUX_identity_shuffle,0.6233333333333333,AUX_identity_effect,-0.10999999999999999,verb_class_accuracy,original,0.7333333333333333,2028
AUX_identity_shuffle,1.0275530382897404,AUX_identity_effect,-0.14729573118302142,class_preference_score,original,1.1748487694727618,2029
AUX_identity_shuffle,0.6166666666666667,AUX_identity_effect,-0.08833333333333326,verb_class_accuracy,original,0.705,2029
AUX_identity_shuffle,1.0551646101941001,AUX_identity_effect,-0.05622452037693848,class_preference_score,original,1.1113891305710386,2030
AUX_identity_shuffle,0.5916666666666667,AUX_identity_effect,-0.09333333333333338,verb_class_accuracy,original,0.685,2030
AUX_target_ablation,1.0436819084102915,AUX_specific_vs_content,0.048233334743171374,class_preference_score,AUX_matched_content,0.9954485736671201,2026
AUX_target_ablation,0.5966666666666667,AUX_specific_vs_content,-0.10666666666666669,verb_class_accuracy,AUX_matched_content,0.7033333333333334,2026
AUX_target_ablation,0.973628982919004,AUX_specific_vs_content,0.07140386911707275,class_preference_score,AUX_matched_content,0.9022251138019313,2027
AUX_target_ablation,0.605,AUX_specific_vs_content,-0.08000000000000007,verb_class_accuracy,AUX_matched_content,0.685,2027
AUX_target_ablation,1.0198025598260558,AUX_specific_vs_content,-0.08377276604750516,class_preference_score,AUX_matched_content,1.103575325873561,2028
AUX_target_ablation,0.6133333333333333,AUX_specific_vs_content,-0.08666666666666667,verb_class_accuracy,AUX_matched_content,0.7,2028
AUX_target_ablation,1.030952916517646,AUX_specific_vs_content,-0.07399061726556,class_preference_score,AUX_matched_content,1.104943533783206,2029
AUX_target_ablation,0.605,AUX_specific_vs_content,-0.07833333333333337,verb_class_accuracy,AUX_matched_content,0.6833333333333333,2029
AUX_target_ablation,1.0576154729578475,AUX_specific_vs_content,-0.07545472838072187,class_preference_score,AUX_matched_content,1.1330702013385694,2030
AUX_target_ablation,0.6316666666666667,AUX_specific_vs_content,-0.021666666666666612,verb_class_accuracy,AUX_matched_content,0.6533333333333333,2030
AUX_target_ablation,1.0436819084102915,AUX_specific_vs_function,0.030159253016012855,class_preference_score,AUX_matched_function,1.0135226553942787,2026
AUX_target_ablation,0.5966666666666667,AUX_specific_vs_function,-0.09666666666666668,verb_class_accuracy,AUX_matched_function,0.6933333333333334,2026
AUX_target_ablation,0.973628982919004,AUX_specific_vs_function,-0.13114176217885232,class_preference_score,AUX_matched_function,1.1047707450978563,2027
AUX_target_ablation,0.605,AUX_specific_vs_function,-0.10166666666666668,verb_class_accuracy,AUX_matched_function,0.7066666666666667,2027
AUX_target_ablation,1.0198025598260558,AUX_specific_vs_function,-0.05335589204810387,class_preference_score,AUX_matched_function,1.0731584518741597,2028
AUX_target_ablation,0.6133333333333333,AUX_specific_vs_function,-0.07166666666666677,verb_class_accuracy,AUX_matched_function,0.685,2028
AUX_target_ablation,1.030952916517646,AUX_specific_vs_function,-0.00919882952976181,class_preference_score,AUX_matched_function,1.040151746047408,2029
AUX_target_ablation,0.605,AUX_specific_vs_function,-0.07000000000000006,verb_class_accuracy,AUX_matched_function,0.675,2029
AUX_target_ablation,1.0576154729578475,AUX_specific_vs_function,-0.06388176744812801,class_preference_score,AUX_matched_function,1.1214972404059755,2030
AUX_target_ablation,0.6316666666666667,AUX_specific_vs_function,-0.06166666666666665,verb_class_accuracy,AUX_matched_function,0.6933333333333334,2030
